<LinearLayout xmlns:android="http://schemas.android.com/apk/res/android"
    android:layout_width="fill_parent"
    android:layout_height="fill_parent"
    android:background="@drawable/androidwall"
    android:orientation="vertical" >

    <TableRow
        android:id="@+id/tableRow1"
        android:layout_width="match_parent"
        android:layout_height="wrap_content"
        android:layout_marginTop="30dp"
        android:gravity="center" >

        <TextView
            android:id="@+id/textView1"
            android:layout_width="wrap_content"
            android:layout_height="wrap_content"
            android:text="POST LAND"
            android:textAppearance="?android:attr/textAppearanceMedium" />
    </TableRow>

    <TableRow
        android:id="@+id/tableRow2"
        android:layout_width="match_parent"
        android:layout_height="wrap_content"
        android:layout_marginTop="15dp"
        android:gravity="center" >

        <TextView
            android:id="@+id/textView2"
            android:layout_width="150dp"
            android:layout_height="wrap_content"
            android:text="ADDRESS" />

        <EditText
            android:id="@+id/editText1"
            android:layout_width="wrap_content"
            android:layout_height="wrap_content"
            android:ems="10"
            android:inputType="phone" />
    </TableRow>

    <TableRow
        android:id="@+id/tableRow3"
        android:layout_width="match_parent"
        android:layout_height="wrap_content"
        android:gravity="center" >

        <TextView
            android:id="@+id/textView3"
            android:layout_width="150dp"
            android:layout_height="wrap_content"
            android:text="CONTACT" />

        <EditText
            android:id="@+id/editText2"
            android:layout_width="wrap_content"
            android:layout_height="wrap_content"
            android:ems="10"
            android:inputType="textEmailAddress" >

            <requestFocus />
        </EditText>
    </TableRow>

    <TableRow
        android:id="@+id/tableRow4"
        android:layout_width="match_parent"
        android:layout_height="wrap_content"
        android:gravity="center" >

        <TextView
            android:id="@+id/textView4"
            android:layout_width="150dp"
            android:layout_height="wrap_content"
            android:text="E-MAIL" />

        <EditText
            android:id="@+id/editText3"
            android:layout_width="wrap_content"
            android:layout_height="wrap_content"
            android:ems="10"
            android:inputType="textMultiLine" />
    </TableRow>

    <TableRow
        android:id="@+id/tableRow5"
        android:layout_width="match_parent"
        android:layout_height="wrap_content"
        android:gravity="center" >

        <TextView
            android:id="@+id/textView5"
            android:layout_width="150dp"
            android:layout_height="wrap_content"
            android:text="LAND DETAILS" />

        <EditText
            android:id="@+id/editText4"
            android:layout_width="wrap_content"
            android:layout_height="wrap_content"
            android:ems="10"
            android:inputType="textPostalAddress" />
    </TableRow>

    <TableRow
        android:id="@+id/tableRow6"
        android:layout_width="match_parent"
        android:layout_height="wrap_content"
        android:gravity="center" >

        <Button
            android:id="@+id/button1"
            android:layout_width="wrap_content"
            android:layout_height="wrap_content"
            android:text="POST" />
    </TableRow>

</LinearLayout>