<?xml version="1.0" encoding="utf-8"?>
<resources>

    <string name="app_name">Farming Assistant</string>
    <string name="action_settings">Settings</string>
    <string name="hello_world">Hello world!</string>
    <string name="title_activity_registration">Registration</string>
    <string name="title_activity_request_avail">RequestAvail</string>
    <string name="title_activity_view_products">ViewProducts</string>
    <string name="title_activity_request_product">RequestProduct</string>
    <string name="title_activity_post_query_nview_response">PostQueryNViewResponse</string>
    <string name="title_activity_rating">Rating</string>
    <string name="title_activity_land_farmer">LandFarmer</string>
    <string name="title_activity_view_alert">ViewAlert</string>
    <string name="title_activity_org_registration">OrgRegistration</string>
    <string name="title_activity_post_ads">PostAds</string>
    <string name="title_activity_view_device_request_acc_rej">ViewDeviceRequestAccRej</string>
    <string name="title_activity_view_payment_org">ViewPaymentOrg</string>
    <string name="title_activity_home">Home</string>
    <string name="title_activity_ohome">OHome</string>
    <string name="title_activity_product_payment">ProductPayment</string>
    <string name="title_activity_payment_status">PaymentStatus</string>

</resources>
